filename,source_url,license,title,category,author,bytes,sha256
kenney_food/Textures/colormap.png,https://kenney.nl/assets/food-kit,CC0-1.0,Kenney Food Kit colormap texture,texture,Kenney,10715,75baf74d9483a0fc56ac21ceba346fbe16fc24a2a1bf0524c53e6bbe802e1153
kenney_food/advocado-half.glb,https://kenney.nl/assets/food-kit,CC0-1.0,Advocado Half,food_other,Kenney,11240,d7f405407a6592677c3d38f2e0b23334727c30902178a22e6c54f993b68b1c3b
kenney_food/apple-half.glb,https://kenney.nl/assets/food-kit,CC0-1.0,Apple Half,food_other,Kenney,10948,3de1f55449761d8dd80444acfe0f941a179c10a69c8727086473b569787fd120
kenney_food/apple.glb,https://kenney.nl/assets/food-kit,CC0-1.0,Apple,food_other,Kenney,14376,2a80ab65d5bc2cb4f2bca1e8176cbb591849a288596d4b2e76e411338761a526
kenney_food/avocado.glb,https://kenney.nl/assets/food-kit,CC0-1.0,Avocado,food_other,Kenney,6076,bce429e7259d7b48ce8e6b9a5744f649392001a9241130bccee1e1baa9c6eb3f
kenney_food/bacon-raw.glb,https://kenney.nl/assets/food-kit,CC0-1.0,Bacon Raw,food_other,Kenney,5708,89b389bc0318d0243d83097dea5258828933ef9cd99323d4f618b84e9bfb521d
kenney_food/bacon.glb,https://kenney.nl/assets/food-kit,CC0-1.0,Bacon,food_other,Kenney,5696,4b31e93d9bf20616edeab9bc7fe1e840fa0d8c53beaf81d303c70cd03d7d5c27
kenney_food/bag-flat.glb,https://kenney.nl/assets/food-kit,CC0-1.0,Bag Flat,food_other,Kenney,11280,97d736b7a0cb00b1b9da5d7e548182ef6e0cef27b979b07ee69d153d4ecf9cd9
kenney_food/bag.glb,https://kenney.nl/assets/food-kit,CC0-1.0,Bag,food_other,Kenney,6408,17803bb1e467d5cfd5ca9479a206870e60d160548c884b07ea294f1265334a06
kenney_food/banana.glb,https://kenney.nl/assets/food-kit,CC0-1.0,Banana,food_other,Kenney,12348,67c90aa8bef35b8886d6b67c0c4c3249556e28176c893d451b95cd83a156908c
kenney_food/barrel.glb,https://kenney.nl/assets/food-kit,CC0-1.0,Barrel,food_other,Kenney,26812,da46fd63ab9d1f1a57ea0ef022c8ecea6d9651810975e1f4723b0047b1ffee4d
kenney_food/beet.glb,https://kenney.nl/assets/food-kit,CC0-1.0,Beet,food_other,Kenney,10372,72a6fa01c97fd23503f5276b4b3ac9698d7f0617abade486c026c4c1a52eccb3
kenney_food/bottle-ketchup.glb,https://kenney.nl/assets/food-kit,CC0-1.0,Bottle Ketchup,food_other,Kenney,9620,26b0cd52d36be6c432ba7862cc817f39e5ce74482013a3ac3ba6a6d4730489be
kenney_food/bottle-musterd.glb,https://kenney.nl/assets/food-kit,CC0-1.0,Bottle Musterd,food_other,Kenney,9620,02ce8a5c40b7f08ba330f803cae395f796f38fea550962fc349e9a29227374d0
kenney_food/bottle-oil.glb,https://kenney.nl/assets/food-kit,CC0-1.0,Bottle Oil,food_other,Kenney,10500,a87a7a6146be0996b17aca3ccd011cfe0d045593db03f89829f88b6228b49d57
kenney_food/bowl-broth.glb,https://kenney.nl/assets/food-kit,CC0-1.0,Bowl Broth,food_other,Kenney,16628,4729503b0eb8522925a81279bb58f30e13d1c2309e1a9498ef08e801c279b962
kenney_food/bowl-cereal.glb,https://kenney.nl/assets/food-kit,CC0-1.0,Bowl Cereal,food_other,Kenney,12468,5b0fb4c50a4ef915f6136275714361ab7f46f4d865365d10439101f089bf693f
kenney_food/bowl-soup.glb,https://kenney.nl/assets/food-kit,CC0-1.0,Bowl Soup,food_other,Kenney,11188,0ff11d6a54ed9b0592ff24e02ca1dd4d12f47762dd7f571e985b48f3d1467e58
kenney_food/bowl.glb,https://kenney.nl/assets/food-kit,CC0-1.0,Bowl,food_other,Kenney,6340,92463570dced6e0898cdc11c218c477efa9b1693d6d3c0e661b67119f294ca7b
kenney_food/bread.glb,https://kenney.nl/assets/food-kit,CC0-1.0,Bread,bread_baked,Kenney,9468,9bd9db117db654cf1157439d1257a8fc5915ea77a94fb876a5056522b9e49f46
kenney_food/broccoli.glb,https://kenney.nl/assets/food-kit,CC0-1.0,Broccoli,food_other,Kenney,20452,ea4f789cf8ca924eba1f031d88e7984ff4705acdfb23977a1211cea9c77f2a41
kenney_food/burger-cheese-double.glb,https://kenney.nl/assets/food-kit,CC0-1.0,Burger Cheese Double,food_other,Kenney,44420,d82a5ac064d8c4afa696aea945c94ab6f74b419f589703f902b01c1cc0fdd757
kenney_food/burger-cheese.glb,https://kenney.nl/assets/food-kit,CC0-1.0,Burger Cheese,food_other,Kenney,25900,1797e8031017d9d8ebdad93103f59e8ad56482b58665dcb2c6376172f997ef5b
kenney_food/burger-double.glb,https://kenney.nl/assets/food-kit,CC0-1.0,Burger Double,food_other,Kenney,55692,93ef8149094cb26a46ce8d05c0550c13ed68648b1978a8c3dfdac7f0b2b5dbe2
kenney_food/burger.glb,https://kenney.nl/assets/food-kit,CC0-1.0,Burger,food_other,Kenney,34536,b982f15d980ef49f3aa295fda03b1926b0b9a29d3d000d139e111d734474c99b
kenney_food/cabbage.glb,https://kenney.nl/assets/food-kit,CC0-1.0,Cabbage,food_other,Kenney,15360,6ec1db20d0d1900ed72ff66cb836fe0b0b6bcf63387fb0ff1c15ff80b7647a5c
kenney_food/cake-birthday.glb,https://kenney.nl/assets/food-kit,CC0-1.0,Cake Birthday,cake,Kenney,115324,3102379c244fa77cdd4818c316037f576f3fb172d28f161ae9e8deead55dac69
kenney_food/cake-slicer.glb,https://kenney.nl/assets/food-kit,CC0-1.0,Cake Slicer,cake,Kenney,5060,c9641789e6f0dc6836a5e0788f33a7639f07076fe5c282f7d781d64d6466ed45
kenney_food/cake.glb,https://kenney.nl/assets/food-kit,CC0-1.0,Cake,cake,Kenney,72884,9594766d701142c4f5ab1d36cc40957667cd966281757e887de4d40557e63e09
kenney_food/can-open.glb,https://kenney.nl/assets/food-kit,CC0-1.0,Can Open,food_other,Kenney,18428,f07109945d70980bb195682e1f4b3e80338f4add6c7f4d059e0491cd487d6662
kenney_food/can-small.glb,https://kenney.nl/assets/food-kit,CC0-1.0,Can Small,food_other,Kenney,15964,c11f0d9b1f4a40b9178009aefd62be64c6de1d9afd06619a1286967151629f24
kenney_food/can.glb,https://kenney.nl/assets/food-kit,CC0-1.0,Can,food_other,Kenney,13708,f3ee6aad23adb6251adbc988652dff430abc781506759a53a8cc7aca6a87db48
kenney_food/candy-bar-wrapper.glb,https://kenney.nl/assets/food-kit,CC0-1.0,Candy Bar Wrapper,dessert_other,Kenney,6120,e3ab321ae95ee32f51f2997283fab26cb4d20d85bed346762d8d7bcfdb7eda4b
kenney_food/candy-bar.glb,https://kenney.nl/assets/food-kit,CC0-1.0,Candy Bar,dessert_other,Kenney,7504,dbccb7d60b6deda5474728110517314002423fa7bd386c3b6370448b5d199158
kenney_food/carrot.glb,https://kenney.nl/assets/food-kit,CC0-1.0,Carrot,food_other,Kenney,16364,621949f7fb7947a810a3f6adca7d6166c8f7ef5a1016737cd0d245d12d60ab4e
kenney_food/carton-small.glb,https://kenney.nl/assets/food-kit,CC0-1.0,Carton Small,food_other,Kenney,8352,ade4d3dd7a31147a33bacd921d1b5380d78a5b2049faaf8f926099e1dc729fd8
kenney_food/carton.glb,https://kenney.nl/assets/food-kit,CC0-1.0,Carton,food_other,Kenney,9352,b63a5081c6edbda7ba8172e6a776f222e781f886a011a887789b2fde42095d04
kenney_food/cauliflower.glb,https://kenney.nl/assets/food-kit,CC0-1.0,Cauliflower,food_other,Kenney,16592,3667f655936f1ad4de753d9b4e2123beb8723fb89b87a7500b462ea31e63f20a
kenney_food/celery-stick.glb,https://kenney.nl/assets/food-kit,CC0-1.0,Celery Stick,food_other,Kenney,5964,ddfd088ef8df52c197e2c57d34b7e2058b14402f2aa0011a720978c0d457ad71
kenney_food/cheese-cut.glb,https://kenney.nl/assets/food-kit,CC0-1.0,Cheese Cut,food_other,Kenney,13456,3937390f5d3cf21434844d7aab87a9c9d1ce75a38e71177959ca5cbdc7a4db14
kenney_food/cheese-slicer.glb,https://kenney.nl/assets/food-kit,CC0-1.0,Cheese Slicer,food_other,Kenney,5496,e1fba08cf61d7ff9329df850b54701e17caec50ee8a45a920f0e900e4f7481bb
kenney_food/cheese.glb,https://kenney.nl/assets/food-kit,CC0-1.0,Cheese,food_other,Kenney,60976,092c9326a27fc51edfaa0353c411875993ac109ee5e8923b681cc39fbb6312d1
kenney_food/cherries.glb,https://kenney.nl/assets/food-kit,CC0-1.0,Cherries,food_other,Kenney,13516,16ddcbc58691bbd95c68a13b0f1e4e5d4059befd3c8b5b7b9b6b6b4ef81690df
kenney_food/chinese.glb,https://kenney.nl/assets/food-kit,CC0-1.0,Chinese,food_other,Kenney,19384,6aa08a486ba711b7565062b691d286d16b3916cc01574a4fcb8287d7369e0396
kenney_food/chocolate-wrapper.glb,https://kenney.nl/assets/food-kit,CC0-1.0,Chocolate Wrapper,dessert_other,Kenney,11720,9b64d2baccce76f9567dba15780d59d4378631acc200437e074b0498592cc3c7
kenney_food/chocolate.glb,https://kenney.nl/assets/food-kit,CC0-1.0,Chocolate,dessert_other,Kenney,12652,40087c3e876830cfcc0a2fbd47f97d3727a4bef450689834f49d971406e4e80e
kenney_food/chopstic-decorative.glb,https://kenney.nl/assets/food-kit,CC0-1.0,Chopstic Decorative,food_other,Kenney,5416,3e1d1d03838c9616c688d413d095ad0aa9a48388bf53d15e6e14b205817ba7f8
kenney_food/chopstick.glb,https://kenney.nl/assets/food-kit,CC0-1.0,Chopstick,food_other,Kenney,3008,4cc0380c714daf7a7996d9c5591983a92609c9771ca544089e962ef338788a59
kenney_food/cocktail.glb,https://kenney.nl/assets/food-kit,CC0-1.0,Cocktail,food_other,Kenney,14128,8072ba57658b428f0f33f4cbce7821d91af6c5da0d2ed78956ff9fa3e349519e
kenney_food/coconut-half.glb,https://kenney.nl/assets/food-kit,CC0-1.0,Coconut Half,food_other,Kenney,8308,d72e860192b27e3f3634b388d885a7a07afadb16b4233c783e2b68ef94702684
kenney_food/coconut.glb,https://kenney.nl/assets/food-kit,CC0-1.0,Coconut,food_other,Kenney,8984,83b11a829c26c75068db48f4f89dd2e7143a076d00d181630975c73d5608c6c5
kenney_food/cookie-chocolate.glb,https://kenney.nl/assets/food-kit,CC0-1.0,Cookie Chocolate,cookie,Kenney,12344,bf7894020a6d0d0acd120a69d96a9088b226f5d557b7d7a3441e9fc8169d2fe6
kenney_food/cookie.glb,https://kenney.nl/assets/food-kit,CC0-1.0,Cookie,cookie,Kenney,7532,7fa0d30c679f9abc9b884ab10509817d9f0ac813dbb1b36041f05118ca50a68a
kenney_food/cooking-fork.glb,https://kenney.nl/assets/food-kit,CC0-1.0,Cooking Fork,food_other,Kenney,4872,ca4e6250c1ae655833f456e4f4288cdb9954ad19a0ce4becd3eed882676d2a04
kenney_food/cooking-knife-chopping.glb,https://kenney.nl/assets/food-kit,CC0-1.0,Cooking Knife Chopping,food_other,Kenney,7796,f569999df71d6b4f6c604aae58ec9b74f3c5fc15bb51385e684fc20230d6f630
kenney_food/cooking-knife.glb,https://kenney.nl/assets/food-kit,CC0-1.0,Cooking Knife,food_other,Kenney,5380,4bec734243cb3e8fa636e17a4ef27828bdaecfc8ac23bd847b9b86f6945cb4d2
kenney_food/cooking-spatula.glb,https://kenney.nl/assets/food-kit,CC0-1.0,Cooking Spatula,food_other,Kenney,6144,9c005637bf86f99719dfeff9fba5bcf2d436aa1143b747b167d37811c3679f59
kenney_food/cooking-spoon.glb,https://kenney.nl/assets/food-kit,CC0-1.0,Cooking Spoon,food_other,Kenney,6796,113270dd61d3a45929f8ed7ead0d16d6c129aab1131e108dd9304a28a51053a4
kenney_food/corn-dog.glb,https://kenney.nl/assets/food-kit,CC0-1.0,Corn Dog,food_other,Kenney,9152,c7d58988b08d120385eb3a3d322e05e014aa1229729a7c3fed76b3784548df35
kenney_food/corn.glb,https://kenney.nl/assets/food-kit,CC0-1.0,Corn,food_other,Kenney,14284,81c5b7734ec740980d792eeebb39fe06bcbe8e098c625fe2311a5cea0dff8b7a
kenney_food/croissant.glb,https://kenney.nl/assets/food-kit,CC0-1.0,Croissant,dessert_other,Kenney,14352,f2f8ee64d7850b262a6af2492cd042fa8eb6506cde49d439360ad1a3df48fe9e
kenney_food/cup-coffee.glb,https://kenney.nl/assets/food-kit,CC0-1.0,Cup Coffee,food_other,Kenney,7872,d74652ad1821bc5dedf1b2e1deb4e0ca0c498aa73880e7df5b91e5e729af6f81
kenney_food/cup-saucer.glb,https://kenney.nl/assets/food-kit,CC0-1.0,Cup Saucer,food_other,Kenney,7848,0e8ff3b8e938739b0800a17a37f9a61ee5314ed74c6cb609a4defb5bd800ce59
kenney_food/cup-tea.glb,https://kenney.nl/assets/food-kit,CC0-1.0,Cup Tea,food_other,Kenney,9780,c2d60aeca48197b75ddb9f1ba145bd5e9c9e66e720b8ab67947f0b2a49ee1edd
kenney_food/cup.glb,https://kenney.nl/assets/food-kit,CC0-1.0,Cup,food_other,Kenney,8008,f9d6786fe9836f16ebb10cc1cb5a8ea8d512c7ae6cfa22394af653e5a5b05f09
kenney_food/cupcake.glb,https://kenney.nl/assets/food-kit,CC0-1.0,Cupcake,cake,Kenney,22724,84b2681793445607b846023f0314abe74f70a65ee51c999df4322348934fb2ce
kenney_food/cutting-board-japanese.glb,https://kenney.nl/assets/food-kit,CC0-1.0,Cutting Board Japanese,food_other,Kenney,9864,109f169c92c83869defb3e20108c26908d853927f373f39cac20dc37a1d9db5f
kenney_food/cutting-board-round.glb,https://kenney.nl/assets/food-kit,CC0-1.0,Cutting Board Round,food_other,Kenney,12608,43c52f55faa71123e97f51310b77140798a5fb4bffd9ad196cf5f636a3800d09
kenney_food/cutting-board.glb,https://kenney.nl/assets/food-kit,CC0-1.0,Cutting Board,food_other,Kenney,10652,067f8a9331d16c65487a748747de2cddab2a77826f23bd7379e4f5da186c78ea
kenney_food/dim-sum.glb,https://kenney.nl/assets/food-kit,CC0-1.0,Dim Sum,food_other,Kenney,7180,ca9df635aea7e553de8b61ed40a8fa314c0e9769caa210d740ad75a21a4c5c80
kenney_food/donut-chocolate.glb,https://kenney.nl/assets/food-kit,CC0-1.0,Donut Chocolate,donut,Kenney,12568,857b6c73117598668db118378f6c801df9bb378af7292ff0b2ba919a4faa396c
kenney_food/donut-sprinkles.glb,https://kenney.nl/assets/food-kit,CC0-1.0,Donut Sprinkles,donut,Kenney,20008,f45946b7e81221e9d45fdfab45ee89eeb095ff0d7fb6a3ad9988919cf587d3b7
kenney_food/donut.glb,https://kenney.nl/assets/food-kit,CC0-1.0,Donut,donut,Kenney,11360,7dcd094f063efb215b2e1740c426f5b899776ce63e223ce1b1377af6c7d9ef2f
kenney_food/egg-cooked.glb,https://kenney.nl/assets/food-kit,CC0-1.0,Egg Cooked,food_other,Kenney,6752,f33c84a8126b947b06f6433bb55e508aaa6e1c9ec2ee3c401251d5acf7456bf7
kenney_food/egg-cup.glb,https://kenney.nl/assets/food-kit,CC0-1.0,Egg Cup,food_other,Kenney,6992,bf43b9f0677c4bca2833d71b087a95dbf2e77753bc01b07c66cee7275bf0dc50
kenney_food/egg-half.glb,https://kenney.nl/assets/food-kit,CC0-1.0,Egg Half,food_other,Kenney,8256,953a877bd500987b1ba010a5b367a5089acad2cfd3a6623b04cac68987700560
kenney_food/egg.glb,https://kenney.nl/assets/food-kit,CC0-1.0,Egg,food_other,Kenney,6044,32e20b7ed798e42e3f121bc39813cd557fe1606f6e6a943478f1fd02c8cfbec3
kenney_food/eggplant.glb,https://kenney.nl/assets/food-kit,CC0-1.0,Eggplant,food_other,Kenney,13416,79bcfd8f2368e6dfe5809f193d28bdef382da3b11a29a465ff364e3ef90a6f2e
kenney_food/fish-bones.glb,https://kenney.nl/assets/food-kit,CC0-1.0,Fish Bones,food_other,Kenney,34068,4059c97a1a1b12408a94e74104de88cc7ca0b93de8b29e9904214746a519d6ba
kenney_food/fish.glb,https://kenney.nl/assets/food-kit,CC0-1.0,Fish,food_other,Kenney,31672,5bb8109f83f7ec4609427c6d6de76572c4fc4d055dfc16d47f2c397290c0e29d
kenney_food/frappe.glb,https://kenney.nl/assets/food-kit,CC0-1.0,Frappe,food_other,Kenney,22548,4e5aafa4bff86fff9e4b5e5ef747cc93edfaa7d50c02f33e3b45480e68017d1b
kenney_food/fries-empty.glb,https://kenney.nl/assets/food-kit,CC0-1.0,Fries Empty,food_other,Kenney,11376,5cdc941c5da4bdb69a3d4152d4f7bab5c47dd02bd43960c2ded0640cc46b84f3
kenney_food/fries.glb,https://kenney.nl/assets/food-kit,CC0-1.0,Fries,food_other,Kenney,59228,fa172a6333404a473db7b98a6c9a2b74adab1e1181d92bcd39625b89df55d377
kenney_food/frikandel-speciaal.glb,https://kenney.nl/assets/food-kit,CC0-1.0,Frikandel Speciaal,food_other,Kenney,25532,fd1bcb89ddf4fafc8a105dee54130714cdf3748e8c0275b34735aa66ca88d4d3
kenney_food/frying-pan-lid.glb,https://kenney.nl/assets/food-kit,CC0-1.0,Frying Pan Lid,food_other,Kenney,13856,0ef3b50b783fdd86fb75f141b194c70d8d98a7f97dd7fd00c5c31b643b3d7af2
kenney_food/frying-pan.glb,https://kenney.nl/assets/food-kit,CC0-1.0,Frying Pan,food_other,Kenney,19216,66cd36e3361d47f068cd1fc06df422b550058adde2017f306ed93dad7c3d2b9f
kenney_food/ginger-bread-cutter.glb,https://kenney.nl/assets/food-kit,CC0-1.0,Ginger Bread Cutter,dessert_other,Kenney,11972,50610b28d92f27099db0b41168f681190bf0827e2d49f5bb944b12371d05abb8
kenney_food/ginger-bread.glb,https://kenney.nl/assets/food-kit,CC0-1.0,Ginger Bread,dessert_other,Kenney,7756,6dfd0da43d778029b3d9d317bdda07fa4a9c2716ed3d54bd4cd98417f6140c7f
kenney_food/glass-wine.glb,https://kenney.nl/assets/food-kit,CC0-1.0,Glass Wine,food_other,Kenney,23984,7021e2a701419b48fcfba5a1344f12049d84fd6e68fc9e54fbe051ae522a23bb
kenney_food/glass.glb,https://kenney.nl/assets/food-kit,CC0-1.0,Glass,food_other,Kenney,4216,acc1dcb7fa436fefd2bbb0ac6eef1e54c04ea543b051e2a3a9c26bf36c253e78
kenney_food/grapes.glb,https://kenney.nl/assets/food-kit,CC0-1.0,Grapes,food_other,Kenney,58992,4ea095cc74bbea4215b4e1a35a95af0b6997b9290091a2babc480ad6840ea5b2
kenney_food/honey.glb,https://kenney.nl/assets/food-kit,CC0-1.0,Honey,food_other,Kenney,14888,7a28a642f074e22c0a570789655fda0d7bd33727159ab23831ac7d22bf258a94
kenney_food/hot-dog-raw.glb,https://kenney.nl/assets/food-kit,CC0-1.0,Hot Dog Raw,food_other,Kenney,9568,388eb584cb204053c48c27ce3f36f6d0a3b5caa8e5e31a5d001c6f32a4ccb041
kenney_food/hot-dog.glb,https://kenney.nl/assets/food-kit,CC0-1.0,Hot Dog,food_other,Kenney,27700,9248794c75184c195d495d93281a756e850a0f299e9734ac2bd88aa900d720d6
kenney_food/ice-cream-cne.glb,https://kenney.nl/assets/food-kit,CC0-1.0,Ice Cream Cne,ice_cream,Kenney,5460,13500e2c169ecf113ff525a9d414bbf034e2103962da9b8195128ff960194b6c
kenney_food/ice-cream-cup.glb,https://kenney.nl/assets/food-kit,CC0-1.0,Ice Cream Cup,ice_cream,Kenney,7796,615544b8be8d413ec307cc9d542ec45ec826519f2ba8e133a6817fb3d5d3a298
kenney_food/ice-cream-scoop-chocolate.glb,https://kenney.nl/assets/food-kit,CC0-1.0,Ice Cream Scoop Chocolate,ice_cream,Kenney,9016,875c88628bb286744d7c17540fdff00fca0bfff7254a42326b32ec2bb9ffecd7
kenney_food/ice-cream-scoop-mint.glb,https://kenney.nl/assets/food-kit,CC0-1.0,Ice Cream Scoop Mint,ice_cream,Kenney,7256,3b2f31984185c667ee680c99c6db521d90cec6ca80d00d420ec4c77a2f2bd18d
kenney_food/ice-cream.glb,https://kenney.nl/assets/food-kit,CC0-1.0,Ice Cream,ice_cream,Kenney,10124,6258b20c40102ec4e86679e39a0618e1a025f302bf7bc8fdc618ebdd520cf83e
kenney_food/knife-block.glb,https://kenney.nl/assets/food-kit,CC0-1.0,Knife Block,food_other,Kenney,20204,cef03be799fed3befbd09f44d883ea9b1c050f9dcb00fa1e5b9cd924a4c8517e
kenney_food/leek.glb,https://kenney.nl/assets/food-kit,CC0-1.0,Leek,food_other,Kenney,16648,28aa881c1a71ebe7e480b24ccd215d7ffdfe16ba6fb2959e3132c1f761d8fe92
kenney_food/lemon-half.glb,https://kenney.nl/assets/food-kit,CC0-1.0,Lemon Half,food_other,Kenney,10280,9d4b8dac8b7c0abd5180ef14d74361d8e77d7678e28c4c442ec68b21c35fd207
kenney_food/lemon.glb,https://kenney.nl/assets/food-kit,CC0-1.0,Lemon,food_other,Kenney,11924,ed9e6234f54752c01e471ffe0167806431ed7d405983fff10804cd83c63209c0
kenney_food/loaf-baguette.glb,https://kenney.nl/assets/food-kit,CC0-1.0,Loaf Baguette,bread_baked,Kenney,12824,c969ea026154653edc7062f1884ff2448a68fa0ec121012cfb1b4435eb2db1cf
kenney_food/loaf-round.glb,https://kenney.nl/assets/food-kit,CC0-1.0,Loaf Round,bread_baked,Kenney,11112,1c77ddba72374a869f165da16217a8e965a82dec61d911396002e1a61a2fe90e
kenney_food/loaf.glb,https://kenney.nl/assets/food-kit,CC0-1.0,Loaf,bread_baked,Kenney,9464,d2e490046b919e8b793b1f479b9b3ee941c8fb9e657163d073223f2a39c5f563
kenney_food/lollypop.glb,https://kenney.nl/assets/food-kit,CC0-1.0,Lollypop,food_other,Kenney,8544,b7bc189eca2aedcfe24445de9ec01a2fd4812caafcbe2f718b6b7f10e031a1a3
kenney_food/maki-roe.glb,https://kenney.nl/assets/food-kit,CC0-1.0,Maki Roe,food_other,Kenney,6568,24ee96711ae6ae68f94fc3d78268c0e10a66e8757b60a733d7b3624e4f1d0acb
kenney_food/maki-salmon.glb,https://kenney.nl/assets/food-kit,CC0-1.0,Maki Salmon,food_other,Kenney,6004,aaf9e30eada4b6daa483c29ed6db0060b9e05c891a63d8a62671b66bb16535a5
kenney_food/maki-vegetable.glb,https://kenney.nl/assets/food-kit,CC0-1.0,Maki Vegetable,food_other,Kenney,6108,1594d0e3d2502dadf4a1e4a318aadb89f697ebd988f97bf7101451e97e5fec2c
kenney_food/meat-cooked.glb,https://kenney.nl/assets/food-kit,CC0-1.0,Meat Cooked,food_other,Kenney,10540,704fc34f56f3ce18c12383e3be8938c4b7da1843365b1e12b68b3529e06bf8ed
kenney_food/meat-patty.glb,https://kenney.nl/assets/food-kit,CC0-1.0,Meat Patty,food_other,Kenney,9092,7f4e82eed617530fa0ff583f27aa68f19632124fd0160c81354680d928f662e3
kenney_food/meat-raw.glb,https://kenney.nl/assets/food-kit,CC0-1.0,Meat Raw,food_other,Kenney,9936,4d57460c350190a59c14cb666ac462d3d46a706af59460b4ea37d02c858668eb
kenney_food/meat-ribs.glb,https://kenney.nl/assets/food-kit,CC0-1.0,Meat Ribs,food_other,Kenney,14364,64469de217d3536c879d00c4dea773c169912503de03e516e29b6a0c9ca0341e
kenney_food/meat-sausage.glb,https://kenney.nl/assets/food-kit,CC0-1.0,Meat Sausage,food_other,Kenney,47096,5476fa020781ec57c9d260e40da71383dedb63e5bca6355568f2a9388d52a7ff
kenney_food/meat-tenderizer.glb,https://kenney.nl/assets/food-kit,CC0-1.0,Meat Tenderizer,food_other,Kenney,31372,d1c1a517a9ad79a15adf9621d914b43893a75197c0e56b3b4fdb8faa09118c48
kenney_food/mincemeat-pie.glb,https://kenney.nl/assets/food-kit,CC0-1.0,Mincemeat Pie,pie,Kenney,12700,b3685d53cdaca2d6110fe5569fdcf45a6d9e18c17e025f28c8477eada0af2a94
kenney_food/mortar-pestle.glb,https://kenney.nl/assets/food-kit,CC0-1.0,Mortar Pestle,food_other,Kenney,7232,ecdbff18acbdc41d7094635e15eabfd182a73ce0397633f0290865d007b9985c
kenney_food/mortar.glb,https://kenney.nl/assets/food-kit,CC0-1.0,Mortar,food_other,Kenney,10200,6dc054320c94a5dd01bb0f6b7cfb11d5352b54a6a1b7cfe00777b95a2970b067
kenney_food/muffin.glb,https://kenney.nl/assets/food-kit,CC0-1.0,Muffin,cupcake_muffin,Kenney,10252,396184e9d82e79582858569d68ba5d05640838bc514e952556b9ee044a0e7f87
kenney_food/mug.glb,https://kenney.nl/assets/food-kit,CC0-1.0,Mug,food_other,Kenney,20236,5215ef74dbbc3a1c0ecf8d0937adde745bbcbd65d8facd228d9f3371991da435
kenney_food/mushroom-half.glb,https://kenney.nl/assets/food-kit,CC0-1.0,Mushroom Half,food_other,Kenney,7024,24d1aceddf6ce7575718401d86d5469519458982b3f3869fa787fc4aaaecb7be
kenney_food/mushroom.glb,https://kenney.nl/assets/food-kit,CC0-1.0,Mushroom,food_other,Kenney,8440,9ba28f47de26738f31083e590180aba99568f4399de0ec271924f0b278bac997
kenney_food/mussel-open.glb,https://kenney.nl/assets/food-kit,CC0-1.0,Mussel Open,food_other,Kenney,10216,9b4467fc4fdc5faa4b38336278384ff7362fb2f8388c4037f9e2cf54604d68ad
kenney_food/mussel.glb,https://kenney.nl/assets/food-kit,CC0-1.0,Mussel,food_other,Kenney,5328,e56a342f632bbee435a3cd09befe0ba871f865694133b1a769081b9e5c4c7c9b
kenney_food/onion-half.glb,https://kenney.nl/assets/food-kit,CC0-1.0,Onion Half,food_other,Kenney,9084,38fed5df667dcd6d47573dddb2f5f5f5399fd0c6c352fca92a96ccfc818f26d8
kenney_food/onion.glb,https://kenney.nl/assets/food-kit,CC0-1.0,Onion,food_other,Kenney,8356,fffc1da48e9dceaa6a3527d913d75f8e5169e75f27c944e4977be4959c247f39
kenney_food/orange.glb,https://kenney.nl/assets/food-kit,CC0-1.0,Orange,food_other,Kenney,13088,a85c498e77fcab7da23386699d5af5cda1bcdf2c068b83b9db2fa2da48a06a30
kenney_food/pan-stew.glb,https://kenney.nl/assets/food-kit,CC0-1.0,Pan Stew,food_other,Kenney,28316,9846804ff7b4f39f902a365a6a898814b347b65fdf9a395695758fc308545b39
kenney_food/pan.glb,https://kenney.nl/assets/food-kit,CC0-1.0,Pan,food_other,Kenney,19956,71abfe3ec45a852b51d8bced9afb997b796996a5ef6cd4beae4d489eea93895c
kenney_food/pancakes.glb,https://kenney.nl/assets/food-kit,CC0-1.0,Pancakes,cake,Kenney,42592,75550fb0eae1169ce4f59b054b0bbaa3de3be67765cd457a7e3e99488e93546e
kenney_food/paprika-slice.glb,https://kenney.nl/assets/food-kit,CC0-1.0,Paprika Slice,food_other,Kenney,8988,aa3f8d8e9b3a751e0e73de3c778afc0bdeaad45c62f6fd1d149ddb8472e19324
kenney_food/paprika.glb,https://kenney.nl/assets/food-kit,CC0-1.0,Paprika,food_other,Kenney,15124,7f98fa7f5a55331629706f4fc6b5b476ea32f26cab6cd25b944891fd30064f13
kenney_food/peanut-butter.glb,https://kenney.nl/assets/food-kit,CC0-1.0,Peanut Butter,food_other,Kenney,17408,3d1e37e7179dbd7d017ebd331270d9453b7882013fb543999f3034003c2f41d9
kenney_food/pear-half.glb,https://kenney.nl/assets/food-kit,CC0-1.0,Pear Half,food_other,Kenney,11336,d119b3e586c664b3ed4e23dee6ce71ec24f461a9f388915ed14f9a952421cc73
kenney_food/pear.glb,https://kenney.nl/assets/food-kit,CC0-1.0,Pear,food_other,Kenney,15556,436e8fdb9dc42100ab0135fc29e68f8609d5b3c5ac7d14062ed9aadfaef4d11f
kenney_food/pepper-mill.glb,https://kenney.nl/assets/food-kit,CC0-1.0,Pepper Mill,food_other,Kenney,25664,7baa2a20d157cebf6a5be3a30550fb47bf2166523b824ba3c2130a1867ec3e3c
kenney_food/pepper.glb,https://kenney.nl/assets/food-kit,CC0-1.0,Pepper,food_other,Kenney,12928,1c603e1ba2317992c16cdcf011074d6db3dc304089f7c6d2390daf2d6d49257f
kenney_food/pie.glb,https://kenney.nl/assets/food-kit,CC0-1.0,Pie,pie,Kenney,22420,f071e07f0751727aa5e6e05bd513b57e11af1e91acaf41cd7b1cb43b05de1c79
kenney_food/pineapple.glb,https://kenney.nl/assets/food-kit,CC0-1.0,Pineapple,food_other,Kenney,20248,dfa3b656350273eeddb92fd6a8bf6b90b3bae63b3285880eb66c8835e9c86b91
kenney_food/pizza-box.glb,https://kenney.nl/assets/food-kit,CC0-1.0,Pizza Box,food_other,Kenney,8788,6762e9233d74f720486630eb043e7f65cf0f437c6ac77f8b037b7bed2c4ddd23
kenney_food/pizza-cutter.glb,https://kenney.nl/assets/food-kit,CC0-1.0,Pizza Cutter,food_other,Kenney,8584,eb8501836d67ac68e51b89ecfa2df61f80e1e13bba16d619176d8d3be829f495
kenney_food/pizza.glb,https://kenney.nl/assets/food-kit,CC0-1.0,Pizza,food_other,Kenney,106780,e98eda0a63421bc4e86f063ebd096a21e50254b169ddbba945d2473b59390951
kenney_food/plate-broken.glb,https://kenney.nl/assets/food-kit,CC0-1.0,Plate Broken,food_other,Kenney,33220,e2ea6a7d9fb93c3f3a5a23aa8ead465a0503b18606facc2f0995e309c642ed03
kenney_food/plate-deep.glb,https://kenney.nl/assets/food-kit,CC0-1.0,Plate Deep,food_other,Kenney,7944,d9ace0385057e84115be1d7da082340b4563ffd6a4bb6693489e4e193eda9bb3
kenney_food/plate-dinner.glb,https://kenney.nl/assets/food-kit,CC0-1.0,Plate Dinner,food_other,Kenney,27908,f6085c9caae201e0d2f0e6ea816ba3ed38e22df0eb08b10c0b9356b0212ad18f
kenney_food/plate-rectangle.glb,https://kenney.nl/assets/food-kit,CC0-1.0,Plate Rectangle,food_other,Kenney,6756,fec4575a75106d7397c807296069034f65f7c50317c4177b5e03df84e969c8e8
kenney_food/plate-sauerkraut.glb,https://kenney.nl/assets/food-kit,CC0-1.0,Plate Sauerkraut,food_other,Kenney,64728,b5506f2bddb0fc401929ebad1ddd21a205d018b4af3918bd2175ec2e09c2a1bc
kenney_food/plate.glb,https://kenney.nl/assets/food-kit,CC0-1.0,Plate,food_other,Kenney,8480,4c1de567b854264b2a9407ec221d33dfd13c7fc18563ea1f33cb8abe3a3d11be
kenney_food/popsicle-chocolate.glb,https://kenney.nl/assets/food-kit,CC0-1.0,Popsicle Chocolate,ice_cream,Kenney,11796,9a45167a87be0d60f12719f1f95c1a19dd44ba9bb849f1e5c76c45d99c8bf1d6
kenney_food/popsicle-stick.glb,https://kenney.nl/assets/food-kit,CC0-1.0,Popsicle Stick,ice_cream,Kenney,4768,0866c4dda26e1f481231fea1d4681b88f20d1d4933cfb57d2661fc3ea951572e
kenney_food/popsicle.glb,https://kenney.nl/assets/food-kit,CC0-1.0,Popsicle,ice_cream,Kenney,8116,c599de8f09da9251563c660d5d2e41719e1654ea662b2a33f0da98d9501d6dff
kenney_food/pot-lid.glb,https://kenney.nl/assets/food-kit,CC0-1.0,Pot Lid,food_other,Kenney,10992,2112cbeda4068862391b02a22932c33ce669a1ec79522e65061f281a0dbf3cf4
kenney_food/pot-stew-lid.glb,https://kenney.nl/assets/food-kit,CC0-1.0,Pot Stew Lid,food_other,Kenney,15824,0e9491fb90a53298eb8594e90649c81a541988654597f06cbbfd2e65f4209fbf
kenney_food/pot-stew.glb,https://kenney.nl/assets/food-kit,CC0-1.0,Pot Stew,food_other,Kenney,29560,311ba282a85bd722b5093f512579a168e3da949617600196b60d782c11afd6b8
kenney_food/pot.glb,https://kenney.nl/assets/food-kit,CC0-1.0,Pot,food_other,Kenney,18900,ba84c5ebd769849b7cb0365adf1f6044680e024ba29e0bc1bec93d54100f72b3
kenney_food/pudding.glb,https://kenney.nl/assets/food-kit,CC0-1.0,Pudding,food_other,Kenney,6612,c7a6b5f20d18d8b0540d914accd8d1cced02210d53901ad38d79d6661f71396c
kenney_food/pumpkin-basic.glb,https://kenney.nl/assets/food-kit,CC0-1.0,Pumpkin Basic,food_other,Kenney,8484,a6148a344c2dcf9e464ebb870f7107ae5b611c6ba9bb2254e363fafdfbbc2ec9
kenney_food/pumpkin.glb,https://kenney.nl/assets/food-kit,CC0-1.0,Pumpkin,food_other,Kenney,20436,57f1667bfd266afd5eb650e81a7d207078f5d76cbd1a17351bf7503794f69592
kenney_food/radish.glb,https://kenney.nl/assets/food-kit,CC0-1.0,Radish,food_other,Kenney,16456,9cad692ec80a03d726a9ff7e284e99407ebc91e54102ebbadebcbcdcbca922e3
kenney_food/rice-ball.glb,https://kenney.nl/assets/food-kit,CC0-1.0,Rice Ball,food_other,Kenney,6200,1c68253d36c0705da38a63226521be1f949bd9ce4b7ff8f8529878cd0aae6e08
kenney_food/rollingPin.glb,https://kenney.nl/assets/food-kit,CC0-1.0,Rollingpin,bread_baked,Kenney,14304,5be3027c6764a3d09f18113ab5e4714d875f77dfc832a22ab7b42df90643ceed
kenney_food/salad.glb,https://kenney.nl/assets/food-kit,CC0-1.0,Salad,food_other,Kenney,17200,efed57fb8b4263057e27137daf92171879f71a12036d18de58b357ccbac25aa6
kenney_food/sandwich.glb,https://kenney.nl/assets/food-kit,CC0-1.0,Sandwich,food_other,Kenney,19724,eba221f9fc24bdaad73467e58ce9c09ec4134baeec01f178e7bb3e87ce3b941e
kenney_food/sausage-half.glb,https://kenney.nl/assets/food-kit,CC0-1.0,Sausage Half,food_other,Kenney,8852,cf296464799fbbf1e9bb3d30c400d5df337707aa6cfa44a90a0a4a3a50cbb1c8
kenney_food/sausage.glb,https://kenney.nl/assets/food-kit,CC0-1.0,Sausage,food_other,Kenney,9556,a1fd85c3a6b91f52776051d1ab694130491c765cd34596229f139104cc9b9396
kenney_food/shaker-pepper.glb,https://kenney.nl/assets/food-kit,CC0-1.0,Shaker Pepper,food_other,Kenney,9300,8be03953e4a667ecb21756ce4b58603766296efd36544ea69b50925d207a03b1
kenney_food/shaker-salt.glb,https://kenney.nl/assets/food-kit,CC0-1.0,Shaker Salt,food_other,Kenney,11792,038d06e0e64aa8f5c0cfe70456ba09e4d49069c112b6807b214a62ab77ce41c1
kenney_food/skewer-vegetables.glb,https://kenney.nl/assets/food-kit,CC0-1.0,Skewer Vegetables,food_other,Kenney,22604,943cddcbddca0446f202b0331626d8b46b6126444dcb26d138ef13288b0c3905
kenney_food/skewer.glb,https://kenney.nl/assets/food-kit,CC0-1.0,Skewer,food_other,Kenney,16544,48427061cfbd066fa21d1dffc8a0fda0110062a1a43c816d4049adc0e17abed7
kenney_food/soda-bottle.glb,https://kenney.nl/assets/food-kit,CC0-1.0,Soda Bottle,food_other,Kenney,11324,879a49cec70fed49244256c9250e72fdf27dcdc5d2dbb093c9ac9c9a08170f4d
kenney_food/soda-can-crushed.glb,https://kenney.nl/assets/food-kit,CC0-1.0,Soda Can Crushed,food_other,Kenney,21304,6c052d69d4ec25083f05619bd48086d1666b0ddc9ddec5f6859fcd1f847be554
kenney_food/soda-can.glb,https://kenney.nl/assets/food-kit,CC0-1.0,Soda Can,food_other,Kenney,16384,4ae68cbd532e69353ae1392e95bb57afa7cb2acc98f3bb46dc5a017c765c89fe
kenney_food/soda-glass.glb,https://kenney.nl/assets/food-kit,CC0-1.0,Soda Glass,food_other,Kenney,12888,2dc3d8f401d0df4ce0693af5528157e8c263f0e7707e362bb35d23e404ce7dba
kenney_food/soda.glb,https://kenney.nl/assets/food-kit,CC0-1.0,Soda,food_other,Kenney,12356,a3682c8cd208872fff480865bccc83a454bd4bd0ee7aed4e3a928d36a6283250
kenney_food/soy.glb,https://kenney.nl/assets/food-kit,CC0-1.0,Soy,food_other,Kenney,5144,00539c5b52b0d21888b3164bfcd6a3c60d3384fb1e3c0668708cc8334b115b98
kenney_food/steamer.glb,https://kenney.nl/assets/food-kit,CC0-1.0,Steamer,food_other,Kenney,45700,a3611b750830f39a93e4657b3e53052b6b921897b0da27af9b1346e0bb615d9b
kenney_food/strawberry.glb,https://kenney.nl/assets/food-kit,CC0-1.0,Strawberry,food_other,Kenney,16620,685828642a92681b474c29abbd9cabe98c7bcade62cc50da57ec6658a5b7e8f7
kenney_food/styrofoam-dinner.glb,https://kenney.nl/assets/food-kit,CC0-1.0,Styrofoam Dinner,food_other,Kenney,24448,8aea06883ec0075b9220e35aab1d9a2faf9364f87fee3493609697371685a182
kenney_food/styrofoam.glb,https://kenney.nl/assets/food-kit,CC0-1.0,Styrofoam,food_other,Kenney,11980,c200d274835a9fdeef0aaa39224199b7abbcb374fb87e3cd41605153d5c1c474
kenney_food/sub.glb,https://kenney.nl/assets/food-kit,CC0-1.0,Sub,food_other,Kenney,58388,a927b74fa21cafd9828c9fa11b3b5072f5c887035dc992ef2feac26b44c960f1
kenney_food/sundae.glb,https://kenney.nl/assets/food-kit,CC0-1.0,Sundae,ice_cream,Kenney,26416,3c2aee04e5a74225a4566dca7cfa80b97ef87673d3fdcd40703d06de80b68797
kenney_food/sushi-egg.glb,https://kenney.nl/assets/food-kit,CC0-1.0,Sushi Egg,food_other,Kenney,7644,aa0a51a5e5b826e6712f256eabaf391f6c4f59db7c321567373be0fc3cc6a478
kenney_food/sushi-salmon.glb,https://kenney.nl/assets/food-kit,CC0-1.0,Sushi Salmon,food_other,Kenney,8852,c68c1364b8a1caba3c57c40ed68b767464c637e10c5e1e4c9428a69ab7819013
kenney_food/taco.glb,https://kenney.nl/assets/food-kit,CC0-1.0,Taco,food_other,Kenney,17476,1fdbf0df44c90c04d82d9e88f3b6f4d95932e34af2cc90c34683ff8e43cfa4f9
kenney_food/tajine-lid.glb,https://kenney.nl/assets/food-kit,CC0-1.0,Tajine Lid,food_other,Kenney,13796,74d722c9aadc73e804ea63d4ccc6556a36697e2ce5393adcb7b03a273901cd67
kenney_food/tajine.glb,https://kenney.nl/assets/food-kit,CC0-1.0,Tajine,food_other,Kenney,15644,9afde098ea8798a78c6d4d44c00f43739dff4de354825b78eef4a2d52fb2399f
kenney_food/tomato-slice.glb,https://kenney.nl/assets/food-kit,CC0-1.0,Tomato Slice,food_other,Kenney,12348,fd9329c4fb881710e2d3029b703db9ad77151faafad5f2029913252275055ab1
kenney_food/tomato.glb,https://kenney.nl/assets/food-kit,CC0-1.0,Tomato,food_other,Kenney,14084,c2179712b2fd4f5832f79f09f7188c4bc92f05798229d0e58264e1ca2558f4cc
kenney_food/turkey.glb,https://kenney.nl/assets/food-kit,CC0-1.0,Turkey,food_other,Kenney,37192,7d5edab26f512fdc8a5be1e31023b559b0755fcebff06ef766842e0dd356dbf5
kenney_food/utensil-fork.glb,https://kenney.nl/assets/food-kit,CC0-1.0,Utensil Fork,food_other,Kenney,4816,9b470b64539caaa7f233171a7bda4555eee7688672efab8e1522cbfbae40c7b5
kenney_food/utensil-knife.glb,https://kenney.nl/assets/food-kit,CC0-1.0,Utensil Knife,food_other,Kenney,3492,a8478aa01fa5113bba0cd39fdf9c1de3436d4b6c5a6dbc4a826e7fed958badc7
kenney_food/utensil-spoon.glb,https://kenney.nl/assets/food-kit,CC0-1.0,Utensil Spoon,food_other,Kenney,6128,dbb39cce42ceaad607f80a3ee0b25a6f7d8f5feec3688f0c66fb585f4621e5f5
kenney_food/waffle.glb,https://kenney.nl/assets/food-kit,CC0-1.0,Waffle,dessert_other,Kenney,47924,0d59883f629013b3e4c89dc4818755b4aaa968beaa8c8ec2a2e2bcbf9f52585b
kenney_food/watermelon.glb,https://kenney.nl/assets/food-kit,CC0-1.0,Watermelon,food_other,Kenney,93884,5992fa8ea001949b01a5e2b035693b885146c575f740e5c4505532c4e7e6f1ba
kenney_food/whipped-cream.glb,https://kenney.nl/assets/food-kit,CC0-1.0,Whipped Cream,food_other,Kenney,4916,a15dff0a68a0d4d5780a41a14da09ef4d69976a00b092d5866e1ae5af4a3915f
kenney_food/whisk.glb,https://kenney.nl/assets/food-kit,CC0-1.0,Whisk,food_other,Kenney,10264,4f165ee6affd4718255b36dc36d55282f926fe4801a9c87dbc8a7fbc1e6fe856
kenney_food/whole-ham.glb,https://kenney.nl/assets/food-kit,CC0-1.0,Whole Ham,food_other,Kenney,11752,a96903e780992a8036b4e98353999e8a527c493ddc2e3963bc070403ab273b6a
kenney_food/wholer-ham.glb,https://kenney.nl/assets/food-kit,CC0-1.0,Wholer Ham,food_other,Kenney,12916,7372f78703994aa80bec526c89b54ec205881b1a9fa7cb4674d68e3f2589e641
kenney_food/wine-red.glb,https://kenney.nl/assets/food-kit,CC0-1.0,Wine Red,food_other,Kenney,14200,b86653d8c62c58e3935234d8af7256a6b3d141ec6008c275a473cc850ff3ac17
kenney_food/wine-white.glb,https://kenney.nl/assets/food-kit,CC0-1.0,Wine White,food_other,Kenney,13524,9a29e14f47bb2d036d7602161229396796c1abc8c30533a4c791f797de331cb6
tiny_treats/tiny_treats_texture_1.png,https://opengameart.org/content/tiny-treats-baked-goods-set,CC0-1.0,Tiny Treats Baked Goods texture atlas,texture,Isa Lousberg,20481,dc812265b8c5d31685b1b04b6a2d809dcc24810cd327d7977173e698a05613fc
tiny_treats/baguette.gltf,https://opengameart.org/content/tiny-treats-baked-goods-set,CC0-1.0,Baguette,bread_baked,Isa Lousberg,3552,14d8acde151eb0552e94fa2b929f245e9b1919a42bc17d298269aa617d59cab9
tiny_treats/baguette_half.gltf,https://opengameart.org/content/tiny-treats-baked-goods-set,CC0-1.0,Baguette Half,bread_baked,Isa Lousberg,3567,cbde9d86ca62816bbb30d58a2f25d90c59f2f594f533d5da2da8278b9a5e2b42
tiny_treats/baguette_slice.gltf,https://opengameart.org/content/tiny-treats-baked-goods-set,CC0-1.0,Baguette Slice,bread_baked,Isa Lousberg,3563,0d999444183fbfcdb91793dbbb8b8a0a408e1c9f0d03a84ec59598bd99b50805
tiny_treats/bread.gltf,https://opengameart.org/content/tiny-treats-baked-goods-set,CC0-1.0,Bread,bread_baked,Isa Lousberg,3543,ede1697be9b34e8533082b6290742f8d7ede258f979eed11f317e9a73cc8141e
tiny_treats/bread_half.gltf,https://opengameart.org/content/tiny-treats-baked-goods-set,CC0-1.0,Bread Half,bread_baked,Isa Lousberg,3557,e113e04423bc066c3105326731a53fcdfb7d28b0f6f1efdf80bc6cd667251ce9
tiny_treats/bread_roll.gltf,https://opengameart.org/content/tiny-treats-baked-goods-set,CC0-1.0,Bread Roll,bread_baked,Isa Lousberg,3558,1a49defc34a6e2919be58541119c6a4c5be2b98f167c0a10dbff70396b0a7924
tiny_treats/bread_slice.gltf,https://opengameart.org/content/tiny-treats-baked-goods-set,CC0-1.0,Bread Slice,bread_baked,Isa Lousberg,3560,de7031e5e2d23ccace23a9fb00e34b97efe681cca2150b6b255e48c4515ed53e
tiny_treats/cake_birthday.gltf,https://opengameart.org/content/tiny-treats-baked-goods-set,CC0-1.0,Cake Birthday,cake,Isa Lousberg,5539,5169e1f202de0cf01c4c213922e8be7d2632d62442700ec3edea16d41d9a2930
tiny_treats/cake_birthday_cut.gltf,https://opengameart.org/content/tiny-treats-baked-goods-set,CC0-1.0,Cake Birthday Cut,cake,Isa Lousberg,5559,3437136c8d1f3cc1e75e5c631b8115970394356a2224e0d2ff4710b038c29a1d
tiny_treats/cake_birthday_slice.gltf,https://opengameart.org/content/tiny-treats-baked-goods-set,CC0-1.0,Cake Birthday Slice,cake,Isa Lousberg,5556,489fefe2b2d4df7bfccbbd6bf91ff858a406a70089dd6f147ac597e95ae984b8
tiny_treats/cake_chocolate.gltf,https://opengameart.org/content/tiny-treats-baked-goods-set,CC0-1.0,Cake Chocolate,cake,Isa Lousberg,3558,4bc8c9bf91e7e19f48f0756312fe44cc8084419ce36d4c312682d859ffca4032
tiny_treats/cake_chocolate_cut.gltf,https://opengameart.org/content/tiny-treats-baked-goods-set,CC0-1.0,Cake Chocolate Cut,cake,Isa Lousberg,3570,56627d2905defa4cfc0daec04905b15ecb599ce39012475d8b2e3a5478733c0e
tiny_treats/cake_chocolate_slice.gltf,https://opengameart.org/content/tiny-treats-baked-goods-set,CC0-1.0,Cake Chocolate Slice,cake,Isa Lousberg,3572,9dfaeccdab5c9ef057f3be8c9ddd2910a79d5c8286cf2d8766792e2d895c8ddf
tiny_treats/cake_strawberry.gltf,https://opengameart.org/content/tiny-treats-baked-goods-set,CC0-1.0,Cake Strawberry,cake,Isa Lousberg,3561,2cace558bf2524aa7152268958590532d515d0bd83ffabbef031d1634ae3ea0a
tiny_treats/cake_strawberry_cut.gltf,https://opengameart.org/content/tiny-treats-baked-goods-set,CC0-1.0,Cake Strawberry Cut,cake,Isa Lousberg,3573,3d32e0db90bb7260144a327c356b4d71e95b7d32c61c0844ee27c5401da9ab93
tiny_treats/cake_strawberry_slice.gltf,https://opengameart.org/content/tiny-treats-baked-goods-set,CC0-1.0,Cake Strawberry Slice,cake,Isa Lousberg,3576,a7acc60339c0c8327bae27d3f69cb219287e0f93a137b255a96e7357128104f8
tiny_treats/cinnamon_roll.gltf,https://opengameart.org/content/tiny-treats-baked-goods-set,CC0-1.0,Cinnamon Roll,dessert_other,Isa Lousberg,3570,e4a696c0e9a3680ddba3dca844f4d5206426ab1925092d177d95e0e9397b2688
tiny_treats/cookie.gltf,https://opengameart.org/content/tiny-treats-baked-goods-set,CC0-1.0,Cookie,cookie,Isa Lousberg,3549,2ca6a3f7192b228674c67a93d177f11ed78b0bf898fd65e312371ab20e181def
tiny_treats/croissant.gltf,https://opengameart.org/content/tiny-treats-baked-goods-set,CC0-1.0,Croissant,dessert_other,Isa Lousberg,3538,dbe26913ddaaf704f88e246e574dab8114a16b070839d33b343b3f9759d63bb6
tiny_treats/cupcake.gltf,https://opengameart.org/content/tiny-treats-baked-goods-set,CC0-1.0,Cupcake,cake,Isa Lousberg,3549,5f517d318ece249135fd9081b9a22cbc09d33a0ff81172e16d0f2c70e97a3383
tiny_treats/donut.gltf,https://opengameart.org/content/tiny-treats-baked-goods-set,CC0-1.0,Donut,donut,Isa Lousberg,3524,5e5a520d80c13464c14147f15e95a6aba0805c695f30a9bd0836eb4f37388c05
tiny_treats/donut_chocolate.gltf,https://opengameart.org/content/tiny-treats-baked-goods-set,CC0-1.0,Donut Chocolate,donut,Isa Lousberg,3557,47be842798ee73b8835bfdc1f05d4a6bdf985555b7ac2e7b856c44448926cb30
tiny_treats/donut_pink.gltf,https://opengameart.org/content/tiny-treats-baked-goods-set,CC0-1.0,Donut Pink,donut,Isa Lousberg,3542,cadcdf98d05fee37d23e38d481a56cc514bfa9fa14b57952e12ecdc71916b4bd
tiny_treats/muffin.gltf,https://opengameart.org/content/tiny-treats-baked-goods-set,CC0-1.0,Muffin,cupcake_muffin,Isa Lousberg,3549,07a8de77d022c83977fa90803f7f8a0e147fa93386147db9f42018505d084f2d
tiny_treats/pie_apple.gltf,https://opengameart.org/content/tiny-treats-baked-goods-set,CC0-1.0,Pie Apple,pie,Isa Lousberg,3534,a97595d61d5292267df0033d676d8d52f275b34858b253be4b327d2b61f2f262
tiny_treats/pie_apple_cut.gltf,https://opengameart.org/content/tiny-treats-baked-goods-set,CC0-1.0,Pie Apple Cut,pie,Isa Lousberg,3548,e39f57ef2c58db1318646aa7657fcbe1664c09ca1f85487e921b59611a615f0a
tiny_treats/pie_apple_slice.gltf,https://opengameart.org/content/tiny-treats-baked-goods-set,CC0-1.0,Pie Apple Slice,pie,Isa Lousberg,3535,d89a935b237898294d4de3ef3809cf16db51b9cfc6d55076ed1bf8e0afa5a0f7
tiny_treats/pie_cherry.gltf,https://opengameart.org/content/tiny-treats-baked-goods-set,CC0-1.0,Pie Cherry,pie,Isa Lousberg,3537,97ebd1c73cbe104204b70048e6171fa249f83d1cfe9ee5c07c4874670a108709
tiny_treats/pie_cherry_cut.gltf,https://opengameart.org/content/tiny-treats-baked-goods-set,CC0-1.0,Pie Cherry Cut,pie,Isa Lousberg,3571,c4938a5154d7a26edd02827fce9d9d26649a9d769b0ad50874b4d959b46412b7
tiny_treats/pie_cherry_slice.gltf,https://opengameart.org/content/tiny-treats-baked-goods-set,CC0-1.0,Pie Cherry Slice,pie,Isa Lousberg,3536,958262e614fdbb3e8016f2f2aa4915b325fbe348b81fe343944a329b3dd75167
tiny_treats/waffle.gltf,https://opengameart.org/content/tiny-treats-baked-goods-set,CC0-1.0,Waffle,dessert_other,Isa Lousberg,3549,13a75690a41be8ddc9743a62c65c8d3dbfa3808249919beac13a497a11ba0cef
tiny_treats/waffle_stacked.gltf,https://opengameart.org/content/tiny-treats-baked-goods-set,CC0-1.0,Waffle Stacked,dessert_other,Isa Lousberg,3576,5e4924837ac991e272f2bbc6b4f9a3056277e6359e6a497e830df3733866bd14
poly_pizza/Isa_Lousberg_Cinnamon_Roll_0ogjrEVuRa.glb,https://poly.pizza/m/0ogjrEVuRa,CC0-1.0 (Public Domain as listed on Poly Pizza),Cinnamon Roll,dessert_other,Isa Lousberg,39804,bbaadbb5ce4f094065f00f76a9f47ebf0278217bb94f4f310c49fb09676a70ce
poly_pizza/Quaternius_Bread_1gzhqdQ4vu.glb,https://poly.pizza/m/1gzhqdQ4vu,CC0-1.0 (Public Domain as listed on Poly Pizza),Bread,bread_baked,Quaternius,29316,f8b2f48646f5f4b53f16c40e18a7746679736f7036d4b5f8bf674c2f7485fb66
poly_pizza/Kenney_Mincemeat_Pie_37u233spBC.glb,https://poly.pizza/m/37u233spBC,CC0-1.0 (Public Domain as listed on Poly Pizza),Mincemeat Pie,pie,Kenney,13060,4f55dbe24ec6fb06c66ccfa72bc6928287a3dce8f30a637e29da6760a264e32f
poly_pizza/Kenney_Cake_Birthday_38GEFBlOXw.glb,https://poly.pizza/m/38GEFBlOXw,CC0-1.0 (Public Domain as listed on Poly Pizza),Cake Birthday,cake,Kenney,118628,1542c71c41c779fe9fb10ed874f7e9ca38d9877f9fd0a8af793077e90b6af35c
poly_pizza/Kenney_Loaf_Round_4BiXgXnxTY.glb,https://poly.pizza/m/4BiXgXnxTY,CC0-1.0 (Public Domain as listed on Poly Pizza),Loaf Round,bread_baked,Kenney,9436,ac6e733a0308a0ca59556985a847b7c16c48683515cbac45678ada4c0786caf1
poly_pizza/Polygonal_Mind_Cool_Baguette_5oxca5I4QV.glb,https://poly.pizza/m/5oxca5I4QV,CC0-1.0 (Public Domain as listed on Poly Pizza),Cool Baguette,bread_baked,Polygonal Mind,892436,13e432f093a6a357df45030d4e23e9f0853449d54682800efd9fadb3ac6fc51e
poly_pizza/Kenney_Pancakes_7ymlduImaC.glb,https://poly.pizza/m/7ymlduImaC,CC0-1.0 (Public Domain as listed on Poly Pizza),Pancakes,cake,Kenney,33808,5774aa2bf01f9cc7d0adc28ab92a785bb9b991d3eb3f1d202d25531bb836293e
poly_pizza/Poly_by_Google_Marshmallows_8o4bGahXS8I.glb,https://poly.pizza/m/8o4bGahXS8I,CC0-1.0 (Public Domain as listed on Poly Pizza),Marshmallows,dessert_other,Poly by Google,225576,26038273eadd6b7ca8204b5689a8805528ffe23054638db499e27851ec14fe91
poly_pizza/Isa_Lousberg_Cake_Birthday_Cut_BzSIf8WuEG.glb,https://poly.pizza/m/BzSIf8WuEG,CC0-1.0 (Public Domain as listed on Poly Pizza),Cake Birthday Cut,cake,Isa Lousberg,113976,e26c9578d424cbb08a2f4ca87fc95e38b893d2560625495085c800cd7c812b2d
poly_pizza/Isa_Lousberg_Pie_Apple_Cut_C5sv0zta5g.glb,https://poly.pizza/m/C5sv0zta5g,CC0-1.0 (Public Domain as listed on Poly Pizza),Pie Apple Cut,pie,Isa Lousberg,44776,47f1c0245a66ebc4d7c47d1253359938adb516fe25e03d6b58961ef1667ea2ba
poly_pizza/kazuma_Parfait_D4pdsE6Env.glb,https://poly.pizza/m/D4pdsE6Env,CC0-1.0 (Public Domain as listed on Poly Pizza),Parfait,ice_cream,kazuma,286916,c81b7b10045b9b92fc59e3dd3c90eb346ada7b1a05e972496c9f09713e11681b
poly_pizza/Kenney_Popsicle_Chocolate_E03Pz3EocN.glb,https://poly.pizza/m/E03Pz3EocN,CC0-1.0 (Public Domain as listed on Poly Pizza),Popsicle Chocolate,ice_cream,Kenney,20580,b73dd9dd669374c590de3700b4592e7fce5ebe7687741825e1a40c985723efe9
poly_pizza/Kenney_Pie_GylOxuD0DB.glb,https://poly.pizza/m/GylOxuD0DB,CC0-1.0 (Public Domain as listed on Poly Pizza),Pie,pie,Kenney,19036,aba5030818b33350a14a4028894764e1bbe3048c15cc5974672d546ae4d720a8
poly_pizza/Isa_Lousberg_Baguette_HPvkMpqqTg.glb,https://poly.pizza/m/HPvkMpqqTg,CC0-1.0 (Public Domain as listed on Poly Pizza),Baguette,bread_baked,Isa Lousberg,31084,e91beb5486329167d38d40a5c4f4af63877a042093216eb8e7991acdd63b5fb0
poly_pizza/Kenney_Loaf_IYIJGWlOiC.glb,https://poly.pizza/m/IYIJGWlOiC,CC0-1.0 (Public Domain as listed on Poly Pizza),Loaf,bread_baked,Kenney,8244,725fdd22505b0a5d29e726da78c987aad0670f68e4cd73541f873f9108122cd7
poly_pizza/Kenney_Sundae_Id1gSe86dG.glb,https://poly.pizza/m/Id1gSe86dG,CC0-1.0 (Public Domain as listed on Poly Pizza),Sundae,ice_cream,Kenney,30468,ce9c25617452fdcc7d2c45803faddb3eca673261a5c6351fa59eea47a209bb77
poly_pizza/Isa_Lousberg_Cake_Birthday_JCT2SAoBud.glb,https://poly.pizza/m/JCT2SAoBud,CC0-1.0 (Public Domain as listed on Poly Pizza),Cake Birthday,cake,Isa Lousberg,121940,37e617395a3adba04d426c71be0259d69086f98c639ae882321767bba9f5b224
poly_pizza/Kenney_Croissant_JDy2TUxcV2.glb,https://poly.pizza/m/JDy2TUxcV2,CC0-1.0 (Public Domain as listed on Poly Pizza),Croissant,dessert_other,Kenney,10700,21cea89b05d1731611f8c27bef0201101bd6fc0b7d008f39aa83d4adc267700b
poly_pizza/Kenney_Cake_KGFyP16ebH.glb,https://poly.pizza/m/KGFyP16ebH,CC0-1.0 (Public Domain as listed on Poly Pizza),Cake,cake,Kenney,87616,25f9aa606e416c2746968525fb7352244e7879c904565655676ca598d0ed597f
poly_pizza/Isa_Lousberg_Pie_Cherry_Slice_Lc4Cm6kS5u.glb,https://poly.pizza/m/Lc4Cm6kS5u,CC0-1.0 (Public Domain as listed on Poly Pizza),Pie Cherry Slice,pie,Isa Lousberg,34288,1e6116deacf05140e4b85972c40f8fd7707d5628cd455ae1507587a4cf39be34
poly_pizza/Isa_Lousberg_Cake_Strawberry_OJ0MYdSpn1.glb,https://poly.pizza/m/OJ0MYdSpn1,CC0-1.0 (Public Domain as listed on Poly Pizza),Cake Strawberry,cake,Isa Lousberg,100308,237215c4afe913cdc7d0ba633e75100d967003c413136d8fd9f3ced0188b207f
poly_pizza/Isa_Lousberg_Donut_Pink_OkXBts8DKG.glb,https://poly.pizza/m/OkXBts8DKG,CC0-1.0 (Public Domain as listed on Poly Pizza),Donut Pink,donut,Isa Lousberg,47608,115e62b12cce62e171a425b5ea6572b95f1cf08d312a511fa62dbe173ab29ce6
poly_pizza/Quaternius_Bread_Slice_OkkMwZSFTb.glb,https://poly.pizza/m/OkkMwZSFTb,CC0-1.0 (Public Domain as listed on Poly Pizza),Bread Slice,bread_baked,Quaternius,29136,63dfa6804c55da034a10039b539610639ac621147af1cb189f1950732a310943
poly_pizza/Polygonal_Mind_Pancake_Character_PhHVt07Tt7.glb,https://poly.pizza/m/PhHVt07Tt7,CC0-1.0 (Public Domain as listed on Poly Pizza),Pancake Character,cake,Polygonal Mind,837740,aa2f823ab26ad5bea20327717552f545ab68b5756c24de63a94f963fc9c1a306
poly_pizza/Isa_Lousberg_Croissant_PqyYJqkvPL.glb,https://poly.pizza/m/PqyYJqkvPL,CC0-1.0 (Public Domain as listed on Poly Pizza),Croissant,dessert_other,Isa Lousberg,33368,8c72ceb04bfd24b42ac5d9bb0ad72e37f17a265daab457b25339270dbd036379
poly_pizza/Kenney_Waffle_RetuiAHQ34.glb,https://poly.pizza/m/RetuiAHQ34,CC0-1.0 (Public Domain as listed on Poly Pizza),Waffle,dessert_other,Kenney,33604,cc7c54e4cd4b2285d45c55a822ac503dd237cdd82620015f1ded9b6339896746
poly_pizza/Kenney_Donut_Sprinkles_RnPNAFyKtY.glb,https://poly.pizza/m/RnPNAFyKtY,CC0-1.0 (Public Domain as listed on Poly Pizza),Donut Sprinkles,donut,Kenney,20292,5c6463449e9bb84308b19b687f3931d804224363b3fe99a74c41f7bb7d18b363
poly_pizza/Quaternius_Donut_UQRRrsP3wj.glb,https://poly.pizza/m/UQRRrsP3wj,CC0-1.0 (Public Domain as listed on Poly Pizza),Donut,donut,Quaternius,59172,cb8d0edad3f280cf4157d5b7253b6ac6355a5cf86ca8c018bd5ac9c722719728
poly_pizza/MilkAndBanana_Muffin_Tray_VavX9lB6eC.glb,https://poly.pizza/m/VavX9lB6eC,CC0-1.0 (Public Domain as listed on Poly Pizza),Muffin Tray,cupcake_muffin,MilkAndBanana,46880,d7c1060a1d45dadfdc1aaa74461f1eea5949be71f97c0ff34a907f30022ed701
poly_pizza/Isa_Lousberg_Donut_Chocolate_XFqyo4lAny.glb,https://poly.pizza/m/XFqyo4lAny,CC0-1.0 (Public Domain as listed on Poly Pizza),Donut Chocolate,donut,Isa Lousberg,47104,832691aef2b594f941b9c6a01ae0816e4c49d0bb99186c3a228d10f960cc25c8
poly_pizza/Quaternius_Cupcake_XL70IUDIrZ.glb,https://poly.pizza/m/XL70IUDIrZ,CC0-1.0 (Public Domain as listed on Poly Pizza),Cupcake,cake,Quaternius,27188,469a3d9948bd592dc0d53ebc15bc5cc53a2f097593f23a5f403a2ef693dbad07
poly_pizza/Kenney_Loaf_Baguette_XUjyfPrTnz.glb,https://poly.pizza/m/XUjyfPrTnz,CC0-1.0 (Public Domain as listed on Poly Pizza),Loaf Baguette,bread_baked,Kenney,10668,e005c761dd6c3e2a7d650851908d6a1539376a2607b86ac648cae37a600fe9bc
poly_pizza/Isa_Lousberg_Muffin_YXp6JxZ2b9.glb,https://poly.pizza/m/YXp6JxZ2b9,CC0-1.0 (Public Domain as listed on Poly Pizza),Muffin,cupcake_muffin,Isa Lousberg,44432,dd5352991258db0b5b81d3e1a57549a4341d3fb203da69497b6771118feb3f77
poly_pizza/Kenney_Muffin_YZWplO0tzB.glb,https://poly.pizza/m/YZWplO0tzB,CC0-1.0 (Public Domain as listed on Poly Pizza),Muffin,cupcake_muffin,Kenney,8760,bd232547c2c85beb661250ae9dfdc728e148bbeb15f95cc901490698a3cdea01
poly_pizza/Isa_Lousberg_Cake_Birthday_Slice_YxYKsrZnwd.glb,https://poly.pizza/m/YxYKsrZnwd,CC0-1.0 (Public Domain as listed on Poly Pizza),Cake Birthday Slice,cake,Isa Lousberg,40384,a4477ec75ca520698bc314750f22bec83179f9e2b936bf6cf1ff5e72a5f32565
poly_pizza/Kenney_Candy_Bar_Wrapper_ZeJW3KyeTH.glb,https://poly.pizza/m/ZeJW3KyeTH,CC0-1.0 (Public Domain as listed on Poly Pizza),Candy Bar Wrapper,dessert_other,Kenney,6948,ce8a77014269eeeaa5350992b456ceaaead1e109df855a0830706724b2b7e47e
poly_pizza/Isa_Lousberg_Cookie_cjC8EIH9xO.glb,https://poly.pizza/m/cjC8EIH9xO,CC0-1.0 (Public Domain as listed on Poly Pizza),Cookie,cookie,Isa Lousberg,36000,f4e7bdf3c97da2e99104f9cec31aa25f15b85d040def6739106612df379333e1
poly_pizza/Kenney_Cookie_Chocolate_erCVJ2mz8g.glb,https://poly.pizza/m/erCVJ2mz8g,CC0-1.0 (Public Domain as listed on Poly Pizza),Cookie Chocolate,cookie,Kenney,9276,2decc2773b30f327d838b204a54fe2fe1c7cd68e20b40235036cde59bd483eb3
poly_pizza/Isa_Lousberg_Waffle_Stacked_fWeME8Kg4v.glb,https://poly.pizza/m/fWeME8Kg4v,CC0-1.0 (Public Domain as listed on Poly Pizza),Waffle Stacked,dessert_other,Isa Lousberg,59640,713c5f0cb453dba186b42459a3296e6cb6e46ece757d1b8f6b8512046468d85d
poly_pizza/Polygonal_Mind_Cake_Character_gpZIDI2FVD.glb,https://poly.pizza/m/gpZIDI2FVD,CC0-1.0 (Public Domain as listed on Poly Pizza),Cake Character,cake,Polygonal Mind,614608,8e26bfb6dfbe06dc3163242e5c369665fa58743cdee550afb825e9c29838ef1a
poly_pizza/Isa_Lousberg_Bread_Roll_gz6Js1jDsV.glb,https://poly.pizza/m/gz6Js1jDsV,CC0-1.0 (Public Domain as listed on Poly Pizza),Bread Roll,bread_baked,Isa Lousberg,30932,42f0150bc04b58e56c58a8b286065a4d0fecf70bc13a85365bc4c8aa57689041
poly_pizza/Isa_Lousberg_Pie_Cherry_Cut_hJVYeXL1w3.glb,https://poly.pizza/m/hJVYeXL1w3,CC0-1.0 (Public Domain as listed on Poly Pizza),Pie Cherry Cut,pie,Isa Lousberg,46516,636922459a15c14a7d0bb33d47a1fdc201a390cb9dc2e967a236f2c76b870793
poly_pizza/Quaternius_Ice_Cream_iZiAPq7Sne.glb,https://poly.pizza/m/iZiAPq7Sne,CC0-1.0 (Public Domain as listed on Poly Pizza),Ice Cream,ice_cream,Quaternius,74968,cb5ccf1ab919f24133770af561bebfc7112cfd053be1da8e83a555e1ff468b7d
poly_pizza/Isa_Lousberg_Pie_Apple_Slice_jfZ6T9cx3X.glb,https://poly.pizza/m/jfZ6T9cx3X,CC0-1.0 (Public Domain as listed on Poly Pizza),Pie Apple Slice,pie,Isa Lousberg,35772,011cce8f1792bc1761c030a2798d8cbb3a2800a6e969d49afd2f98973954f6e5
poly_pizza/Isa_Lousberg_Cupcake_jlt53I8KKE.glb,https://poly.pizza/m/jlt53I8KKE,CC0-1.0 (Public Domain as listed on Poly Pizza),Cupcake,cake,Isa Lousberg,49652,ebbee464f01fc496f6261aa4399891d2d8341ebd577cb24e195dfff77ee1e8c0
poly_pizza/Kenney_Bread_luo9BHRaax.glb,https://poly.pizza/m/luo9BHRaax,CC0-1.0 (Public Domain as listed on Poly Pizza),Bread,bread_baked,Kenney,8256,2de0f2a1195f5f4e2c516f94702cddde849be653121c68ac8dff3895483775ba
poly_pizza/Kenney_Whipped_Cream_mbMrdSG41d.glb,https://poly.pizza/m/mbMrdSG41d,CC0-1.0 (Public Domain as listed on Poly Pizza),Whipped Cream,food_other,Kenney,4848,2f654cbd171d4fcc49fd8373018e22ab56770fc078a1f5f09d62b25d8ef976a9
poly_pizza/Isa_Lousberg_Pie_Cherry_oBzOxzqjLM.glb,https://poly.pizza/m/oBzOxzqjLM,CC0-1.0 (Public Domain as listed on Poly Pizza),Pie Cherry,pie,Isa Lousberg,42984,e1a7b995b3ecd0dd907f9693bfadf005064e213135180894ad786e8bb6b94a2c
poly_pizza/Isa_Lousberg_Cake_Strawberry_Slic_oV5ntwdWx0.glb,https://poly.pizza/m/oV5ntwdWx0,CC0-1.0 (Public Domain as listed on Poly Pizza),Cake Strawberry Slic,cake,Isa Lousberg,47424,7396b147d95cc9775df80c113e2fe9b3efdf3bf5d0783d17a31ad42ad50d208b
poly_pizza/Kenney_Ice_Cream_oaDwxwtjij.glb,https://poly.pizza/m/oaDwxwtjij,CC0-1.0 (Public Domain as listed on Poly Pizza),Ice Cream,ice_cream,Kenney,7940,f6f06fc363831e99d97969b4549d0d25929dbf8609fcaafd3192f07555737f45
poly_pizza/Kenney_Donut_Chocolate_q7laJ1msJy.glb,https://poly.pizza/m/q7laJ1msJy,CC0-1.0 (Public Domain as listed on Poly Pizza),Donut Chocolate,donut,Kenney,10504,5118f71b0f23f571c309429849f8482d4527dd9fc6b3aed81bdccb63ab708166
poly_pizza/Quaternius_Popsicle_Chocolate_qrC48Q3c4s.glb,https://poly.pizza/m/qrC48Q3c4s,CC0-1.0 (Public Domain as listed on Poly Pizza),Popsicle Chocolate,ice_cream,Quaternius,7052,2d433fe92d888842efebda1de636f27c692a06af0e8c62fb503fe7fb753b34d4
poly_pizza/Quaternius_Pancakes_Stack_rNr63sFa69.glb,https://poly.pizza/m/rNr63sFa69,CC0-1.0 (Public Domain as listed on Poly Pizza),Pancakes Stack,cake,Quaternius,52496,790f594ceaa2bb38085ffacb64c32a87041c727cdfe69013438323a5cb0f4cad
poly_pizza/Isa_Lousberg_Pie_Apple_sIHyfGMSBX.glb,https://poly.pizza/m/sIHyfGMSBX,CC0-1.0 (Public Domain as listed on Poly Pizza),Pie Apple,pie,Isa Lousberg,38588,daf0683c32ffd8a7dbeeb1a22c002513fd4bc6d85d48d1f7732ee28a0b1bfcd5
poly_pizza/Polygonal_Mind_Icecream_Character_sU1XVdWmmM.glb,https://poly.pizza/m/sU1XVdWmmM,CC0-1.0 (Public Domain as listed on Poly Pizza),Icecream Character,ice_cream,Polygonal Mind,707656,c1cffdcc581b8fdf12c386185f3ef27687d2e5400a6fb61b7cf40ea53aa48943
poly_pizza/Polygonal_Mind_Ice_cream_cone_Character_sycxkh99rK.glb,https://poly.pizza/m/sycxkh99rK,CC0-1.0 (Public Domain as listed on Poly Pizza),Ice cream cone Character,ice_cream,Polygonal Mind,705236,8d2fdf1fc8ee861f4b8e4362e2791cd43034c0ad8f2e707285bfbb489a37dcdf
poly_pizza/Kenney_Cupcake_txZDsDca1L.glb,https://poly.pizza/m/txZDsDca1L,CC0-1.0 (Public Domain as listed on Poly Pizza),Cupcake,cake,Kenney,21232,7446fc80de45637b7140b6f43c85d43fdf7934d7e0d41028a4c29068d7cb350b
poly_pizza/Quaternius_Chocolate_Bar_vJsJ1EIiOO.glb,https://poly.pizza/m/vJsJ1EIiOO,CC0-1.0 (Public Domain as listed on Poly Pizza),Chocolate Bar,dessert_other,Quaternius,24056,d34c9ac94fdce13ca2cb99110eb4a47451db8f1b9d12b32ea89d12f6c0686ff2
poly_pizza/Isa_Lousberg_Bread_y4oGHRpJVH.glb,https://poly.pizza/m/y4oGHRpJVH,CC0-1.0 (Public Domain as listed on Poly Pizza),Bread,bread_baked,Isa Lousberg,33916,02229e0b50625674434b6effda9517245a798b5503ef67cb6dfaac1214028a98
poly_pizza/MilkAndBanana_Ice_cream_Scooper_zc8Il4owOk.glb,https://poly.pizza/m/zc8Il4owOk,CC0-1.0 (Public Domain as listed on Poly Pizza),Ice cream Scooper,ice_cream,MilkAndBanana,12556,9c8666a129b182aca129897889143c9f4459e86032a0737f74fc4afd6a861f23
kenney_holiday/Textures/colormap.png,https://kenney.nl/assets/holiday-kit,CC0-1.0,Kenney Holiday Kit colormap texture,texture,Kenney,12777,015fcc1664be7576f468a98bc4f5f329ef8b3c9caef0d85b2a4dc0ca69516863
kenney_holiday/candy-cane-green.glb,https://kenney.nl/assets/holiday-kit,CC0-1.0,Candy Cane Green,dessert_other,Kenney,7996,fce9b61f00a92ccef1e4d4cf4108a94cef3df8727f68b47506e13fc55db20d1d
kenney_holiday/candy-cane-red.glb,https://kenney.nl/assets/holiday-kit,CC0-1.0,Candy Cane Red,dessert_other,Kenney,7956,0e35de46b50067eef688dbdf88cd7449d5e3b7058233e88bf314658dea0ab372
kenney_holiday/gingerbread-man.glb,https://kenney.nl/assets/holiday-kit,CC0-1.0,Gingerbread Man,dessert_other,Kenney,13808,cea459983f5c02a70c2ad95e445b4b289ee100503637e8e57f943bab277a8fdd
kenney_holiday/gingerbread-woman.glb,https://kenney.nl/assets/holiday-kit,CC0-1.0,Gingerbread Woman,dessert_other,Kenney,21572,2dcdfcbf91cbab6138fcad98aeb9a7fb3e2d78d07ec2c0c2b16526db1ede1382
